{
  "IcoMoonType": "selection",
  "icons": [
    {
      "icon": {
        "paths": [
          "M658 316l-196 196 196 196-60 60-256-256 256-256z"
        ],
        "attrs": [],
        "isMulticolor": false,
        "isMulticolor2": false,
        "tags": [
          "navigate_before"
        ],
        "defaultCode": 58376,
        "grid": 24
      },
      "attrs": [],
      "properties": {
        "order": 42,
        "ligatures": "chevron_left, navigate_before",
        "id": 152,
        "prevSize": 24,
        "code": 58376,
        "name": "navigate_before"
      },
      "setIdx": 0,
      "setId": 11,
      "iconIdx": 152
    },
    {
      "icon": {
        "paths": [
          "M426 256l256 256-256 256-60-60 196-196-196-196z"
        ],
        "attrs": [],
        "isMulticolor": false,
        "isMulticolor2": false,
        "tags": [
          "navigate_next"
        ],
        "defaultCode": 58377,
        "grid": 24
      },
      "attrs": [],
      "properties": {
        "order": 44,
        "ligatures": "chevron_right, navigate_next",
        "id": 153,
        "prevSize": 24,
        "code": 58377,
        "name": "navigate_next"
      },
      "setIdx": 0,
      "setId": 11,
      "iconIdx": 153
    },
    {
      "icon": {
        "paths": [
          "M512 342l256 256-60 60-196-196-196 196-60-60z"
        ],
        "attrs": [],
        "isMulticolor": false,
        "isMulticolor2": false,
        "tags": [
          "expand_less"
        ],
        "defaultCode": 58830,
        "grid": 24
      },
      "attrs": [],
      "properties": {
        "order": 40,
        "ligatures": "expand_less",
        "id": 255,
        "prevSize": 24,
        "code": 58830,
        "name": "expand_less"
      },
      "setIdx": 0,
      "setId": 11,
      "iconIdx": 255
    },
    {
      "icon": {
        "paths": [
          "M708 366l60 60-256 256-256-256 60-60 196 196z"
        ],
        "attrs": [],
        "isMulticolor": false,
        "isMulticolor2": false,
        "tags": [
          "expand_more"
        ],
        "defaultCode": 58831,
        "grid": 24
      },
      "attrs": [],
      "properties": {
        "order": 41,
        "ligatures": "expand_more",
        "id": 256,
        "prevSize": 24,
        "code": 58831,
        "name": "expand_more"
      },
      "setIdx": 0,
      "setId": 11,
      "iconIdx": 256
    },
    {
      "icon": {
        "paths": [
          "M512 554c118 0 214-94 214-212h-86c0 70-58 128-128 128s-128-58-128-128h-86c0 118 96 212 214 212zM512 128c-70 0-128 58-128 128h256c0-70-58-128-128-128zM810 256c46 0 86 40 86 86v512c0 46-40 84-86 84h-596c-46 0-86-38-86-84v-512c0-46 40-86 86-86h84c0-118 96-214 214-214s214 96 214 214h84z"
        ],
        "attrs": [],
        "isMulticolor": false,
        "isMulticolor2": false,
        "tags": [
          "local_mall"
        ],
        "defaultCode": 58700,
        "grid": 24
      },
      "attrs": [],
      "properties": {
        "order": 39,
        "ligatures": "local_mall",
        "id": 460,
        "prevSize": 24,
        "code": 58700,
        "name": "local_mall"
      },
      "setIdx": 0,
      "setId": 11,
      "iconIdx": 460
    },
    {
      "icon": {
        "paths": [
          "M687.002 402.381c13.875-13.722 36.301-13.722 50.074 0 13.824 13.722 13.926 35.891 0 49.613l-200.090 196.096c-13.824 13.722-36.198 13.722-50.125 0l-200.090-196.096c-13.824-13.67-13.824-35.891 0-49.613 13.875-13.722 36.301-13.722 50.074 0l175.155 160.819 175.002-160.819z"
        ],
        "attrs": [],
        "isMulticolor": false,
        "isMulticolor2": false,
        "tags": [
          "chevron-small-down"
        ],
        "grid": 20
      },
      "attrs": [],
      "properties": {
        "id": 37,
        "order": 24,
        "prevSize": 20,
        "code": 59648,
        "name": "chevron-small-down"
      },
      "setIdx": 1,
      "setId": 9,
      "iconIdx": 36
    },
    {
      "icon": {
        "paths": [
          "M621.619 687.002c13.722 13.875 13.722 36.301 0 50.074-13.722 13.824-35.891 13.926-49.613 0l-196.096-200.090c-13.722-13.824-13.722-36.198 0-50.125l196.096-200.090c13.67-13.824 35.891-13.824 49.613 0 13.722 13.875 13.722 36.301 0 50.074l-160.819 175.155 160.819 175.002z"
        ],
        "attrs": [],
        "isMulticolor": false,
        "isMulticolor2": false,
        "tags": [
          "chevron-small-left"
        ],
        "grid": 20
      },
      "attrs": [],
      "properties": {
        "id": 38,
        "order": 25,
        "prevSize": 20,
        "code": 59649,
        "name": "chevron-small-left"
      },
      "setIdx": 1,
      "setId": 9,
      "iconIdx": 37
    },
    {
      "icon": {
        "paths": [
          "M563.2 512l-160.819-175.104c-13.722-13.824-13.722-36.198 0-50.074 13.722-13.824 35.891-13.824 49.613 0l196.096 200.090c13.722 13.875 13.722 36.301 0 50.125l-196.096 200.090c-13.67 13.926-35.891 13.824-49.613 0-13.722-13.773-13.722-36.198 0-50.074l160.819-175.053z"
        ],
        "attrs": [],
        "isMulticolor": false,
        "isMulticolor2": false,
        "tags": [
          "chevron-small-right"
        ],
        "grid": 20
      },
      "attrs": [],
      "properties": {
        "id": 39,
        "order": 26,
        "prevSize": 20,
        "code": 59650,
        "name": "chevron-small-right"
      },
      "setIdx": 1,
      "setId": 9,
      "iconIdx": 38
    },
    {
      "icon": {
        "paths": [
          "M336.998 621.619c-13.875 13.722-36.301 13.722-50.074 0s-13.926-35.891 0-49.613l200.090-196.096c13.824-13.722 36.198-13.722 50.125 0l200.090 196.096c13.824 13.67 13.824 35.891 0 49.613-13.875 13.722-36.301 13.722-50.125 0l-175.104-160.819-175.002 160.819z"
        ],
        "attrs": [],
        "isMulticolor": false,
        "isMulticolor2": false,
        "tags": [
          "chevron-small-up"
        ],
        "grid": 20
      },
      "attrs": [],
      "properties": {
        "id": 40,
        "order": 27,
        "prevSize": 20,
        "code": 59651,
        "name": "chevron-small-up"
      },
      "setIdx": 1,
      "setId": 9,
      "iconIdx": 39
    },
    {
      "icon": {
        "paths": [
          "M296.96 624.64v-317.44h-194.56c-56.32 0-102.4 46.080-102.4 102.4v307.2c0 56.32 46.080 102.4 102.4 102.4h51.2v153.6l153.6-153.6h256c56.32 0 102.4-46.080 102.4-102.4v-93.184c-3.277 0.717-6.758 1.075-10.24 1.075l-358.4-0.051zM921.6 51.2h-460.8c-56.32 0-102.4 46.080-102.4 102.4v409.6h358.4l153.6 153.6v-153.6h51.2c56.32 0 102.4-46.029 102.4-102.4v-307.2c0-56.32-46.080-102.4-102.4-102.4z"
        ],
        "attrs": [],
        "isMulticolor": false,
        "isMulticolor2": false,
        "tags": [
          "chat"
        ],
        "grid": 20
      },
      "attrs": [],
      "properties": {
        "id": 125,
        "order": 45,
        "prevSize": 20,
        "code": 59652,
        "name": "chat"
      },
      "setIdx": 1,
      "setId": 9,
      "iconIdx": 124
    },
    {
      "icon": {
        "paths": [
          "M696.32 153.6h-337.92v-153.6h-102.4v952.32c0 39.424 32.205 71.68 71.578 71.68h368.742c39.373 0 71.68-32.307 71.68-71.68v-726.989c0-39.526-32.307-71.731-71.68-71.731zM409.6 768c-35.379 0-64-22.886-64-51.2s28.621-51.2 64-51.2 64 22.886 64 51.2-28.621 51.2-64 51.2zM473.6 870.4c0 28.314-28.621 51.2-64 51.2s-64-22.886-64-51.2 28.621-51.2 64-51.2 64 22.886 64 51.2zM358.4 563.2v-307.2h307.2v307.2h-307.2zM614.4 768c-35.379 0-64-22.886-64-51.2s28.621-51.2 64-51.2 64 22.886 64 51.2-28.621 51.2-64 51.2zM678.4 870.4c0 28.314-28.621 51.2-64 51.2s-64-22.886-64-51.2 28.621-51.2 64-51.2 64 22.886 64 51.2z"
        ],
        "attrs": [],
        "isMulticolor": false,
        "isMulticolor2": false,
        "tags": [
          "old-mobile"
        ],
        "grid": 20
      },
      "attrs": [],
      "properties": {
        "id": 240,
        "order": 37,
        "prevSize": 20,
        "code": 59653,
        "name": "old-mobile"
      },
      "setIdx": 1,
      "setId": 9,
      "iconIdx": 239
    },
    {
      "icon": {
        "paths": [
          "M927.795 167.475c-15.104-13.107-97.587-88.627-112.998-101.939-15.309-13.261-38.707-14.336-56.422-14.336h-492.749c-17.664 0-41.062 1.075-56.422 14.336-15.411 13.312-97.894 88.883-112.998 101.939-15.206 13.107-27.802 32.922-23.757 61.030 4.045 28.211 96.768 699.443 99.174 715.418 2.355 15.923 16.282 28.518 33.178 28.877h614.4c16.896-0.358 30.822-12.954 33.178-28.928 2.406-15.923 95.13-687.206 99.226-715.418 3.994-28.058-8.602-47.872-23.808-60.979zM512 613.018c-166.298 0-201.882-235.315-209.254-283.802h94.054c14.131 70.707 46.285 191.693 115.2 191.693s101.12-120.986 115.2-191.693h94.106c-7.424 48.486-43.008 283.802-209.306 283.802zM162.304 205.107l93.696-102.707h512l93.696 102.707h-699.392z"
        ],
        "attrs": [],
        "isMulticolor": false,
        "isMulticolor2": false,
        "tags": [
          "shopping-bag"
        ],
        "grid": 20
      },
      "attrs": [],
      "properties": {
        "id": 274,
        "order": 36,
        "prevSize": 20,
        "code": 59654,
        "name": "shopping-bag"
      },
      "setIdx": 1,
      "setId": 9,
      "iconIdx": 273
    },
    {
      "icon": {
        "paths": [
          "M256 512c0-64 0-192 0-192s-160 0-192 0-64 32-64 64 0 288 0 320 32 64 64 64 64 0 64 0v192l194-192s162 0 192 0 62-32 62-64 0-64 0-64-128 0-192 0-128-64-128-128zM832 128c-32 0-416 0-448 0s-64 32-64 64 0 288 0 320 32 64 64 64 190 0 190 0l194 192v-192s32 0 64 0 64-32 64-64 0-288 0-320-32-64-64-64z"
        ],
        "width": 896,
        "attrs": [],
        "isMulticolor": false,
        "isMulticolor2": false,
        "tags": [
          "comment-discussion"
        ],
        "defaultCode": 61519,
        "grid": 16
      },
      "attrs": [],
      "properties": {
        "id": 36,
        "order": 16,
        "prevSize": 32,
        "code": 61519,
        "name": "comment-discussion"
      },
      "setIdx": 2,
      "setId": 5,
      "iconIdx": 35
    },
    {
      "icon": {
        "paths": [
          "M992.262 871.396l-242.552-206.294c-25.074-22.566-51.89-32.926-73.552-31.926 57.256-67.068 91.842-154.078 91.842-249.176 0-212.078-171.922-384-384-384-212.076 0-384 171.922-384 384s171.922 384 384 384c95.098 0 182.108-34.586 249.176-91.844-1 21.662 9.36 48.478 31.926 73.552l206.294 242.552c35.322 39.246 93.022 42.554 128.22 7.356s31.892-92.898-7.354-128.22zM384 640c-141.384 0-256-114.616-256-256s114.616-256 256-256 256 114.616 256 256-114.614 256-256 256z"
        ],
        "tags": [
          "search",
          "magnifier",
          "magnifying-glass",
          "inspect",
          "find"
        ],
        "defaultCode": 59782,
        "grid": 16,
        "attrs": []
      },
      "attrs": [],
      "properties": {
        "ligatures": "search, magnifier",
        "name": "search",
        "order": 47,
        "id": 135,
        "prevSize": 32,
        "code": 59782
      },
      "setIdx": 4,
      "setId": 1,
      "iconIdx": 134
    },
    {
      "icon": {
        "paths": [
          "M415.909 128h192.182c52.977 0 95.909 42.853 95.909 95.715v672.285l-192-192-192 192v-672.285c0-52.778 42.94-95.715 95.909-95.715zM415.988 160c-35.339 0-63.988 28.749-63.988 63.806v595.393l160-160 160 160v-595.393c0-35.239-28.398-63.806-63.988-63.806h-192.025z"
        ],
        "attrs": [],
        "isMulticolor": false,
        "isMulticolor2": false,
        "tags": [
          "bookmark"
        ],
        "grid": 32
      },
      "attrs": [],
      "properties": {
        "id": 35,
        "order": 17,
        "prevSize": 32,
        "code": 59655,
        "name": "bookmark"
      },
      "setIdx": 3,
      "setId": 2,
      "iconIdx": 34
    },
    {
      "icon": {
        "paths": [
          "M415.909 128c-52.969 0-95.909 42.937-95.909 95.715v672.285l192-192 192 192v-672.285c0-52.862-42.932-95.715-95.909-95.715h-192.182z"
        ],
        "attrs": [],
        "isMulticolor": false,
        "isMulticolor2": false,
        "tags": [
          "bookmark"
        ],
        "grid": 32
      },
      "attrs": [],
      "properties": {
        "id": 36,
        "order": 18,
        "prevSize": 32,
        "code": 59656,
        "name": "bookmark2"
      },
      "setIdx": 3,
      "setId": 2,
      "iconIdx": 35
    },
    {
      "icon": {
        "paths": [
          "M621.668 653.668c-44.476 31.692-98.895 50.332-157.668 50.332-150.221 0-272-121.779-272-272s121.779-272 272-272c150.221 0 272 121.779 272 272 0 75.111-30.445 143.111-79.667 192.333l191.916 191.916c8.802 8.802 8.588 22.915-0.249 31.751-8.898 8.898-23.052 8.948-31.751 0.249l-194.581-194.581zM464 672c132.548 0 240-107.452 240-240s-107.452-240-240-240c-132.548 0-240 107.452-240 240s107.452 240 240 240v0z"
        ],
        "attrs": [],
        "isMulticolor": false,
        "isMulticolor2": false,
        "tags": [
          "search"
        ],
        "grid": 32
      },
      "attrs": [],
      "properties": {
        "id": 219,
        "order": 19,
        "prevSize": 32,
        "code": 59657,
        "name": "search2"
      },
      "setIdx": 3,
      "setId": 2,
      "iconIdx": 218
    },
    {
      "icon": {
        "paths": [
          "M621.668 653.668c-44.476 31.692-98.895 50.332-157.668 50.332-150.221 0-272-121.779-272-272s121.779-272 272-272c150.221 0 272 121.779 272 272 0 58.773-18.641 113.192-50.332 157.668l178.714 178.714c17.606 17.606 17.46 45.778-0.006 63.244l-0.75 0.75c-17.421 17.421-45.781 17.469-63.244 0.006l-178.714-178.714zM464 640c114.875 0 208-93.125 208-208s-93.125-208-208-208c-114.875 0-208 93.125-208 208s93.125 208 208 208v0z"
        ],
        "attrs": [],
        "isMulticolor": false,
        "isMulticolor2": false,
        "tags": [
          "search"
        ],
        "grid": 32
      },
      "attrs": [],
      "properties": {
        "id": 220,
        "order": 9,
        "prevSize": 32,
        "code": 59658,
        "name": "search3"
      },
      "setIdx": 3,
      "setId": 2,
      "iconIdx": 219
    }
  ],
  "height": 1024,
  "metadata": {
    "name": "icomoon"
  },
  "preferences": {
    "showGlyphs": true,
    "showQuickUse": true,
    "showQuickUse2": true,
    "showSVGs": true,
    "fontPref": {
      "prefix": "icon-",
      "metadata": {
        "fontFamily": "icomoon"
      },
      "metrics": {
        "emSize": 1024,
        "baseline": 6.25,
        "whitespace": 50
      },
      "embed": false
    },
    "imagePref": {
      "prefix": "icon-",
      "png": true,
      "useClassSelector": true,
      "color": 0,
      "bgColor": 16777215,
      "classSelector": ".icon"
    },
    "historySize": 100,
    "showCodes": true,
    "gridSize": 16
  }
}